{
    "pages": {
        "pagesLink" : "/html/body/div[2]/div/nav[1]/div/section/div[1]/ul[2]/li[2]/a", 
        "pagesLinkOld" : "/html/body/div[2]/div/nav[1]/section/div[1]/ul[2]/li[3]/a", 
        "newPage" : "/html/body/div[2]/div/main/section/div/header/section/a",
        "newPageOld" : "/html/body/div[2]/div/main/section/header/section/a",
        "pageTitle" : "/html/body/div[2]/div/main/div[1]/section/div[1]/div[1]/textarea",
        "pageTitleOld" : "/html/body/div[2]/div/main/section/div[1]/div[1]/textarea",
        "pageBody" : "/html/body/div[2]/div/main/div[1]/section/div[1]/div[1]/article/div[1]/div",
        "pageBodyOld" : "/html/body/div[2]/div/main/section/div[1]/div[1]/article/div[1]/div",
        "pagePublish" : "/html/body/div[2]/div/main/div[1]/section/header/section/button[2]/span",
        "pagePublishOld" : "/html/body/div[2]/div/main/section/header/section/div/div[1]",
        "continuePublish" : "/html/body/div[4]/div/div/div/div[3]/button",
        "publishButton" : "/html/body/div[4]/div/div/div/div[2]/button[1]",
        "publishButtonOld" : "/html/body/div[1]/div/footer/button[2]",
        "backToEditor" : "/html/body/div[4]/div/div/div/p/button",
        "backToPages" : "/html/body/div[2]/div/main/div[1]/section/header/div/a",
        "backToPagesOld" : "/html/body/div[2]/div/main/section/header/div/div[1]/a",
        "convertToDraft" : "/html/body/div[4]/div/div/div/div[2]/p/button",
        "backToPosts" : "/html/body/div[2]/div/main/div[1]/section/header/div/a",
        "scheduledTime": "/html/body/div[4]/div/div/div/div[2]/div[2]/button",
        "scheduleButton": "/html/body/div[4]/div/div/div/div[2]/div[2]/div/div/div/fieldset/div[1]/div[2]",
        "selectScheduled" : "/html/body/div[2]/div/main/section/section/div[1]/ol/li[1]/a[1]",
        "filterDropdown" : "/html/body/div[2]/div/main/section/div/header/section/div/div[1]/div[1]/span",
        "search":"/html/body/div[2]/div/nav[1]/div/header/div[2]/button",
        "searchOld":"/html/body/div[2]/div/nav[1]/header/div[2]/button",
        "inputSearch":"/html/body/div[5]/div/div/div/div[1]/div/div/div[1]/input",
        "inputSearchOld":"/html/body/div[4]/div/div/div/div/div[2]/section/div/div[1]/div/div[1]/div/input", 
        "scheduledPages" : "/html/body/div[1]/div/ul/li[4]",
        "unschedule": "/html/body/div[2]/div/main/div[1]/section/header/section/button[2]",
        "publishedPages" : "/html/body/div[1]/div/ul/li[3]",
        "unPublishButton": "/html/body/div[2]/div/main/div[1]/section/header/section/button[2]",
        "selectOption":"/html/body/div[5]/div/div/div/div[1]/div/div/div[2]/div/ul/li/ul/li",
        "selectOptionOld":"/html/body/div[4]/div/div/div/div/div[2]/section/div/div[1]/div/div[2]/div/ul/li/ul/li",
        "sideMenu":"/html/body/div[2]/div/main/button",
        "sideMenuOld":"/html/body/div[2]/div/main/section/header/section/button",
        "deletePost":"/html/body/div[2]/div/main/div[1]/div/div/div/div[2]/form/button",
        "deletePostOld":"/html/body/div[4]/div[1]/div/div/div/div/div[1]/div/div[1]/div[2]/form/button",
        "deleteConfirmation":"/html/body/div[5]/div/div/div[2]/button[2]",
        "deleteConfirmationOld":"/html/body/div[4]/div[3]/div/div/div/div[2]/section/div[2]/button[2]",
        "modalDelete":"/html/body/div[5]/div/div/div[2]/button[2]"
        
        
    }
}
